type,wealth
MACD,24090.736148873664
AARIMA,5920.290790560792
LINEAR,8858.752663008863
DP,3034097.0245689563
