type,wealth
MACD,409968.8159449055
AARIMA,36593.6213328383
LINEAR,19090.106480365306
DP,31147101076.910995
