type,wealth
MACD,4632.055946980994
AARIMA,2519.338029128887
LINEAR,4373.459818908852
DP,72326.2612064427
