type,wealth
MACD,1192.6145094196422
AARIMA,1117.2654029705247
LINEAR,1708.3225018959693
DP,2351.7973021222374
